STOCK_TICKER,STOCK_NAME,STOCK_CNPJ
AALR3,CENTRO DE IMAGEM DIAGNOSTICOS S.A.,42771949000135
ABCB4,BCO ABC BRASIL S.A.,28195667000106
ABEV3,AMBEV S.A.,07526557000100
AERI3,AERIS IND. E COM. DE EQUIP. GERACAO DE ENERGIA S/A,12528708000107
AESB3,AES BRASIL ENERGIA S.A.,37663076000107
AESO3,AES BRASIL OPERAÇÕES SA ,00194724000113
AFLT3,AFLUENTE TRANSMISSÃO DE ENERGIA ELÉTRICA S/A,10338320000100
AGRO3,BRASILAGRO – CIA BRAS DE PROP AGRICOLAS,07628528000159
AGXY3,AGROGALAXY PARTICIPAÇÕES S.A.,21240146000184
AHEB3,SAO PAULO TURISMO S.A.,62002886000160
AHEB5,SAO PAULO TURISMO S.A.,62002886000160
AHEB6,SAO PAULO TURISMO S.A.,62002886000160
ALLD3,ALLIED TECNOLOGIA S.A.,20247322000147
ALPA3,ALPARGATAS S.A.,61079117000105
ALPA4,ALPARGATAS S.A.,61079117000105
ALPK3,ALLPARK EMPREENDIMENTOS PARTICIPACOES SERVICOS S.A,60537263000166
ALSO3,ALIANSCE SONAE SHOPPING CENTERS S.A.,05878397000132
ALUP11,ALUPAR INVESTIMENTO S/A,08364948000138
ALUP3,ALUPAR INVESTIMENTO S/A,08364948000138
ALUP4,ALUPAR INVESTIMENTO S/A,08364948000138
AMAR3,MARISA LOJAS S.A.,61189288000189
AMBP3,AMBIPAR PARTICIPACOES E EMPREENDIMENTOS S/A,12648266000124
AMER3,AMERICANAS S.A,00776574000156
ANIM3,ANIMA HOLDING S.A.,09288252000132
APER3,ALPER CONSULTORIA E CORRETORA DE SEGUROS S.A.,11721921000160
APTI3,SIDERURGICA J. L. ALIPERTI S.A.,61156931000178
APTI4,SIDERURGICA J. L. ALIPERTI S.A.,61156931000178
ARML3,ARMAC LOCAÇÃO. LOGÍSTICA E SERVIÇOS S.A.,00242184000104
ARZZ3,AREZZO INDÚSTRIA E COMÉRCIO S.A.,16590234000176
ASAI3,SENDAS DISTRIBUIDORA S.A.,06057223000171
ATMP3,ATMA PARTICIPAÇÕES S.A.,04032433000180
ATOM3,ATOM EMPREENDIMENTOS E PARTICIPAÇÕES S.A.,00359742000108
AURA33,AURA MINERALS INC.,07857093000114
AURE3,AUREN ENERGIA S.A.,28594234000123
AVLL3,ALPHAVILLE S.A.,16811931000100
AZEV3,AZEVEDO E TRAVASSOS S.A.,61351532000168
AZEV4,AZEVEDO E TRAVASSOS S.A.,61351532000168
AZUL4,AZUL S.A.,09305994000129
B3SA3,"B3 S.A. – BRASIL, BOLSA, BALCÃO",09346601000125
BAHI3,BAHEMA EDUCAÇÃO S.A.,45987245000192
BALM3,BAUMER S.A.,61374161000130
BALM4,BAUMER S.A.,61374161000130
BAUH3,EXCELSIOR ALIMENTOS S.A.,95426862000197
BAUH4,EXCELSIOR ALIMENTOS S.A.,95426862000197
BAZA3,BCO AMAZONIA S.A.,04902979000144
BBAS3,BCO BRASIL S.A.,00000000000191
BBDC3,BCO BRADESCO S.A.,60746948000112
BBDC4,BCO BRADESCO S.A.,60746948000112
BBML3,BBM LOGISTICA S.A.,01107327000120
BBSE3,BB SEGURIDADE PARTICIPAÇÕES S.A.,17344597000194
BDLL3,BARDELLA S.A. INDUSTRIAS MECANICAS,60851615000153
BDLL4,BARDELLA S.A. INDUSTRIAS MECANICAS,60851615000153
BEEF3,MINERVA S.A.,67620377000114
BEES3,BANESTES S.A. – BCO EST ESPIRITO SANTO,28127603000178
BEES4,BANESTES S.A. – BCO EST ESPIRITO SANTO,28127603000178
BETP3B,BETAPART PARTICIPACOES S.A.,02762124000130
BGIP3,BCO ESTADO DE SERGIPE S.A. – BANESE,13009717000146
BGIP4,BCO ESTADO DE SERGIPE S.A. – BANESE,13009717000146
BIOM3,BIOMM S.A.,04752991000110
BLAU3,BLAU FARMACÊUTICA S.A.,58430828000160
BMEB3,BCO MERCANTIL DO BRASIL S.A.,17184037000110
BMEB4,BCO MERCANTIL DO BRASIL S.A.,17184037000110
BMGB4,BANCO BMG S.A.,61186680000174
BMIN3,BCO MERCANTIL DE INVESTIMENTOS S.A.,34169557000172
BMIN4,BCO MERCANTIL DE INVESTIMENTOS S.A.,34169557000172
BMKS3,BICICLETAS MONARK S.A.,56992423000190
BMOB3,BEMOBI MOBILE TECH S.A.,09042817000105
BNBR3,BCO NORDESTE DO BRASIL S.A.,07237373000120
BOAS3,BOA VISTA SERVIÇOS S.A.,11725176000127
BOBR3,BOMBRIL S.A.,50564053000103
BOBR4,BOMBRIL S.A.,50564053000103
BPAC11,BCO BTG PACTUAL S.A.,30306294000145
BPAC3,BCO BTG PACTUAL S.A.,30306294000145
BPAC5,BCO BTG PACTUAL S.A.,30306294000145
BPAN12,BCO PAN S.A.,59285411000113
BPAN4,BCO PAN S.A.,59285411000113
BPAR3,BCO ESTADO DO PARA S.A.,04913711000108
BRAP3,BRADESPAR S.A.,03847461000192
BRAP4,BRADESPAR S.A.,03847461000192
BRBI11,BR ADVISORY PARTNERS PARTICIPAÇÕES S.A.,10739356000103
BRFS3,BRF S.A.,01838723000127
BRGE11,CONSORCIO ALFA DE ADMINISTRACAO S.A.,17193806000146
BRGE12,CONSORCIO ALFA DE ADMINISTRACAO S.A.,17193806000146
BRGE3,CONSORCIO ALFA DE ADMINISTRACAO S.A.,17193806000146
BRGE5,CONSORCIO ALFA DE ADMINISTRACAO S.A.,17193806000146
BRGE6,CONSORCIO ALFA DE ADMINISTRACAO S.A.,17193806000146
BRGE7,CONSORCIO ALFA DE ADMINISTRACAO S.A.,17193806000146
BRGE8,CONSORCIO ALFA DE ADMINISTRACAO S.A.,17193806000146
BRIT3,BRISANET PARTICIPAÇÕES S.A.,19796586000170
BRIV3,BCO ALFA DE INVESTIMENTO S.A.,60770336000165
BRIV4,BCO ALFA DE INVESTIMENTO S.A.,60770336000165
BRKM3,BRASKEM S.A.,42150391000170
BRKM5,BRASKEM S.A.,42150391000170
BRKM6,BRASKEM S.A.,42150391000170
BRPR3,BR PROPERTIES S.A.,06977751000149
BRQB3,BRQ SOLUCOES EM INFORMATICA S.A.,36542025000164
BRSR3,BCO ESTADO DO RIO GRANDE DO SUL S.A.,92702067000196
BRSR5,BCO ESTADO DO RIO GRANDE DO SUL S.A.,92702067000196
BRSR6,BCO ESTADO DO RIO GRANDE DO SUL S.A.,92702067000196
BSLI3,BRB BCO DE BRASILIA S.A.,00000208000100
BSLI4,BRB BCO DE BRASILIA S.A.,00000208000100
CABI3B,CABINDA PARTICIPACOES S.A.,04030182000102
CALI3,CONSTRUTORA ADOLPHO LINDENBERG S.A.,61022042000118
CAMB3,CAMBUCI S.A.,61088894000108
CAML3,CAMIL ALIMENTOS S.A.,64904295000103
CASH3,MÉLIUZ S.A.,14110585000107
CASN3,CIA CATARINENSE DE AGUAS E SANEAM.-CASAN,82508433000117
CASN4,CIA CATARINENSE DE AGUAS E SANEAM.-CASAN,82508433000117
CATA3,CIA INDUSTRIAL CATAGUASES,19526748000150
CATA4,CIA INDUSTRIAL CATAGUASES,19526748000150
CBAV3,COMPANHIA BRASILEIRA DE ALUMÍNIO,61409892000173
CBEE3,AMPLA ENERGIA E SERVICOS S.A.,33050071000158
CCRO3,CCR S.A.,02846056000197
CEAB3,CEA MODAS S.A.,45242914000105
CEBR3,CIA ENERGETICA DE BRASILIA,00070698000111
CEBR5,CIA ENERGETICA DE BRASILIA,00070698000111
CEBR6,CIA ENERGETICA DE BRASILIA,00070698000111
CEDO3,CIA FIACAO TECIDOS CEDRO CACHOEIRA,17245234000100
CEDO4,CIA FIACAO TECIDOS CEDRO CACHOEIRA,17245234000100
CEEB3,CIA ELETRICIDADE EST. DA BAHIA – COELBA,15139629000194
CEEB5,CIA ELETRICIDADE EST. DA BAHIA – COELBA,15139629000194
CEEB6,CIA ELETRICIDADE EST. DA BAHIA – COELBA,15139629000194
CEED3,CIA ESTADUAL DE DISTRIB ENER ELET-CEEE-D,08467115000100
CEED4,CIA ESTADUAL DE DISTRIB ENER ELET-CEEE-D,08467115000100
CEGR3,CIA DISTRIB DE GAS DO RIO DE JANEIRO-CEG,33938119000169
CGAS3,CIA GAS DE SAO PAULO – COMGAS,61856571000117
CGAS5,CIA GAS DE SAO PAULO – COMGAS,61856571000117
CGRA3,GRAZZIOTIN S.A.,92012467000170
CGRA4,GRAZZIOTIN S.A.,92012467000170
CIEL3,CIELO S.A.,01027058000191
CLSA3,CLEAR SALE S.A.,03802115000198
CLSC3,CENTRAIS ELET DE SANTA CATARINA S.A.,83878892000155
CLSC4,CENTRAIS ELET DE SANTA CATARINA S.A.,83878892000155
CMIG3,CIA ENERGETICA DE MINAS GERAIS – CEMIG,17155730000164
CMIG4,CIA ENERGETICA DE MINAS GERAIS – CEMIG,17155730000164
CMIN3,CSN MINERAÇÃO S.A.,08902291000115
CMSA3,CIMS S.A.,00272185000193
CMSA4,CIMS S.A.,00272185000193
CNSY3,CINESYSTEM S.A.,07437016000105
COCE3,CIA ENERGETICA DO CEARA – COELCE,07047251000170
COCE5,CIA ENERGETICA DO CEARA – COELCE,07047251000170
COCE6,CIA ENERGETICA DO CEARA – COELCE,07047251000170
COGN3,COGNA EDUCAÇÃO S.A.,02800026000140
COMR3,COMERC PARTICIPACOES S.A,25369840000157
CORR3,CORREA RIBEIRO S.A. COMERCIO E INDUSTRIA,15101405000193
CORR4,CORREA RIBEIRO S.A. COMERCIO E INDUSTRIA,15101405000193
CPFE3,CPFL ENERGIA S.A.,02429144000193
CPLE11,CIA PARANAENSE DE ENERGIA – COPEL,76483817000120
CPLE3,CIA PARANAENSE DE ENERGIA – COPEL,76483817000120
CPLE5,CIA PARANAENSE DE ENERGIA – COPEL,76483817000120
CPLE6,CIA PARANAENSE DE ENERGIA – COPEL,76483817000120
CRDE3,CR2 EMPREENDIMENTOS IMOBILIARIOS S.A.,07820907000146
CRFB3,ATACADÃO S.A.,75315333000109
CRIV3,FINANCEIRA ALFA S.A.- CRED FINANC E INVS,17167412000113
CRIV4,FINANCEIRA ALFA S.A.- CRED FINANC E INVS,17167412000113
CRPG3,TRONOX PIGMENTOS DO BRASIL S.A.,15115504000124
CRPG5,TRONOX PIGMENTOS DO BRASIL S.A.,15115504000124
CRPG6,TRONOX PIGMENTOS DO BRASIL S.A.,15115504000124
CRTE3B,CONC RIO-TERESOPOLIS S.A.,00938574000105
CRTE5B,CONC RIO-TERESOPOLIS S.A.,00938574000105
CSAB3,CIA SEGUROS ALIANCA DA BAHIA,15144017000190
CSAB4,CIA SEGUROS ALIANCA DA BAHIA,15144017000190
CSAN3,COSAN S.A.,50746577000115
CSED3,CRUZEIRO DO SUL EDUCACIONAL S.A.,62984091000102
CSMG3,CIA SANEAMENTO DE MINAS GERAIS-COPASA MG,17281106000103
CSNA3,CIA SIDERURGICA NACIONAL,33042730000104
CSRN3,CIA ENERGETICA DO RIO GDE NORTE – COSERN,08324196000181
CSRN5,CIA ENERGETICA DO RIO GDE NORTE – COSERN,08324196000181
CSRN6,CIA ENERGETICA DO RIO GDE NORTE – COSERN,08324196000181
CSUD3,CSU DIGITAL S.A.,01896779000138
CTCA3,CTC – CENTRO DE TECNOLOGIA CANAVIEIRA S.A.,06981381000113
CTKA3,KARSTEN S.A.,82640558000104
CTKA4,KARSTEN S.A.,82640558000104
CTNM3,CIA TECIDOS NORTE DE MINAS COTEMINAS,22677520000176
CTNM4,CIA TECIDOS NORTE DE MINAS COTEMINAS,22677520000176
CTSA3,CIA TECIDOS SANTANENSE,21255567000189
CTSA4,CIA TECIDOS SANTANENSE,21255567000189
CURY3,CURY CONSTRUTORA E INCORPORADORA S.A.,08797760000183
CVCB3,CVC BRASIL OPERADORA E AGÊNCIA DE VIAGENS S.A.,10760260000119
CXSE3,CAIXA SEGURIDADE PARTICIPAÇÕES S.A.,22543331000100
CYRE3,CYRELA BRAZIL REALTY S.A.EMPREEND E PART,73178600000118
DASA3,DIAGNOSTICOS DA AMERICA S.A.,61486650000183
DESK3,DESKTOP - SIGMANET COMUNICAÇÃO MULTIMÍDIA S.A,08170849000115
DEXP3,DEXXOS PARTICIPACOES S.A.,02193750000152
DEXP4,DEXXOS PARTICIPACOES S.A.,02193750000152
DIRR3,DIRECIONAL ENGENHARIA S.A.,16614075000100
DMFN3,DM FINANCEIRA S.A. - CRÉDITO. FINANC E INVEST,91669747000192
DMVF3,D1000 VAREJO FARMA PARTICIPAÇÕES S.A.,12108897000150
DOHL3,DOHLER S.A.,84683408000103
DOHL4,DOHLER S.A.,84683408000103
DOTZ3,DOTZ S.A.,18174270000184
DTCY3,DTCOM – DIRECT TO COMPANY S.A.,03303999000136
DTCY4,DTCOM – DIRECT TO COMPANY S.A.,03303999000136
DXCO3,DURATEX S.A.,97837181000147
EALT3,ELECTRO ACO ALTONA S.A.,82643537000134
EALT4,ELECTRO ACO ALTONA S.A.,82643537000134
ECOR3,ECORODOVIAS INFRAESTRUTURA E LOGÍSTICA S.A.,04149454000180
EEEL3,CIA ESTADUAL GER.TRANS.ENER.ELET-CEEE-GT,92715812000131
EEEL4,CIA ESTADUAL GER.TRANS.ENER.ELET-CEEE-GT,92715812000131
EGIE3,ENGIE BRASIL ENERGIA S.A.,02474103000119
EKTR3,ELEKTRO REDES S.A.,02328280000197
EKTR4,ELEKTRO REDES S.A.,02328280000197
ELET3,CENTRAIS ELET BRAS S.A. – ELETROBRAS,00001180000126
ELET5,CENTRAIS ELET BRAS S.A. – ELETROBRAS,00001180000126
ELET6,CENTRAIS ELET BRAS S.A. – ELETROBRAS,00001180000126
ELMD3,ELETROMIDIA S.A.,09347516000181
EMAE3,EMAE – EMPRESA METROP.AGUAS ENERGIA S.A.,02302101000142
EMAE4,EMAE – EMPRESA METROP.AGUAS ENERGIA S.A.,02302101000142
EMBR3,EMBRAER S.A.,07689002000189
ENAT3,ENAUTA PARTICIPAÇÕES S.A.,11669021000110
ENBR3,EDP – ENERGIAS DO BRASIL S.A.,03983431000103
ENEV3,ENEVA S.A,04423567000121
ENGI11,ENERGISA S.A.,00864214000106
ENGI3,ENERGISA S.A.,00864214000106
ENGI4,ENERGISA S.A.,00864214000106
ENJU3,ENJOEI.COM.BR ATIVIDADES DE INTERNET S.A.,16922038000151
ENMT3,ENERGISA MATO GROSSO-DISTRIBUIDORA DE ENERGIA S/A,03467321000199
ENMT4,ENERGISA MATO GROSSO-DISTRIBUIDORA DE ENERGIA S/A,03467321000199
EPAR3,EMBPAR PARTICIPACOES S.A.,42331462000131
EQMA3B,EQUATORIAL MARANHÃO DISTRIBUIDORA DE ENERGIA S.A.,06272793000184
EQMA5B,EQUATORIAL MARANHÃO DISTRIBUIDORA DE ENERGIA S.A.,06272793000184
EQMA6B,EQUATORIAL MARANHÃO DISTRIBUIDORA DE ENERGIA S.A.,06272793000184
EQPA3,EQUATORIAL PARA DISTRIBUIDORA DE ENERGIA S.A.,04895728000180
EQPA5,EQUATORIAL PARA DISTRIBUIDORA DE ENERGIA S.A.,04895728000180
EQPA6,EQUATORIAL PARA DISTRIBUIDORA DE ENERGIA S.A.,04895728000180
EQPA7,EQUATORIAL PARA DISTRIBUIDORA DE ENERGIA S.A.,04895728000180
EQTL3,EQUATORIAL ENERGIA S.A.,03220438000173
ESPA3,MPM CORPÓREOS S.A.,26659061000159
ESTR3,MANUFATURA DE BRINQUEDOS ESTRELA S.A.,61082004000150
ESTR4,MANUFATURA DE BRINQUEDOS ESTRELA S.A.,61082004000150
ETER3,ETERNIT S.A.,61092037000181
EUCA3,EUCATEX S.A. INDUSTRIA E COMERCIO,56643018000166
EUCA4,EUCATEX S.A. INDUSTRIA E COMERCIO,56643018000166
EUFA3,Elfa Medicamentos S.A.,61190096000192
EVEN3,EVEN CONSTRUTORA E INCORPORADORA S.A.,43470988000165
EZTC3,EZ TEC EMPREEND. E PARTICIPACOES S.A.,08312229000173
FESA3,CIA FERRO LIGAS DA BAHIA – FERBASA,15141799000103
FESA4,CIA FERRO LIGAS DA BAHIA – FERBASA,15141799000103
FHER3,FERTILIZANTES HERINGER S.A.,22266175000188
FIGE3,INVESTIMENTOS BEMGE S.A.,01548981000179
FIGE4,INVESTIMENTOS BEMGE S.A.,01548981000179
FIQE3,UNIFIQUE TELECOMUNICAÇÕES S.A.,02255187000108
FLEX3,FLEX GESTÃO DE RELACIONAMENTOS S.A.,10851805000100
FLRY3,FLEURY S.A.,60840055000131
FRAS3,FRAS-LE S.A.,88610126000129
FRIO3,METALFRIO SOLUTIONS S.A.,04821041000108
FRRN3B,RUMO MALHA NORTE S.A.,24962466000136
FRRN5B,RUMO MALHA NORTE S.A.,24962466000136
FRRN6B,RUMO MALHA NORTE S.A.,24962466000136
FRTA3,POMIFRUTAS S/A,86550951000150
G2DI33,G2D INVESTMENTS LTD,38307135000177
GEPA3,RIO PARANAPANEMA ENERGIA S.A.,02998301000181
GEPA4,RIO PARANAPANEMA ENERGIA S.A.,02998301000181
GFSA3,GAFISA S.A.,01545826000107
GGBR3,GERDAU S.A.,33611500000119
GGBR4,GERDAU S.A.,33611500000119
GGPS3,GPS PARTICIPACOES E EMPREENDIMENTOS S.A.,09229201000130
GMAT3,GRUPO MATEUS S.A.,24990777000109
GOAU3,METALURGICA GERDAU S.A.,92690783000109
GOAU4,METALURGICA GERDAU S.A.,92690783000109
GOLL3,GOL LINHAS AEREAS INTELIGENTES S.A.,06164253000187
GOLL4,GOL LINHAS AEREAS INTELIGENTES S.A.,06164253000187
GPAR3,CIA CELG DE PARTICIPACOES – CELGPAR,08560444000193
GPIV33,"GP INVESTMENTS, LTD.",07857850000150
GRAO3,HUMBERG AGRIBRASIL COM. E EXPORT. DE GRÃOS S.A.,18483666000103
GRND3,GRENDENE S.A.,89850341000160
GSHP3,GENERAL SHOPPING E OUTLETS DO BRASIL S.A.,08764621000153
GUAR3,GUARARAPES CONFECCOES S.A.,08402943000152
HAGA3,HAGA S.A. INDUSTRIA E COMERCIO,30540991000166
HAGA4,HAGA S.A. INDUSTRIA E COMERCIO,30540991000166
HAPV3,HAPVIDA PARTICIPACOES E INVESTIMENTOS SA,05197443000138
HBOR3,HELBOR EMPREENDIMENTOS S.A.,49263189000102
HBRE3,HBR REALTY EMPREENDIMENTOS IMOBILIARIOS S/A,14785152000151
HBSA3,HIDROVIAS DO BRASIL S.A.,12648327000153
HBTS3,CIA HABITASUL DE PARTICIPACOES,87762563000103
HBTS5,CIA HABITASUL DE PARTICIPACOES,87762563000103
HBTS6,CIA HABITASUL DE PARTICIPACOES,87762563000103
HETA3,HERCULES S.A. FABRICA DE TALHERES,92749225000163
HETA4,HERCULES S.A. FABRICA DE TALHERES,92749225000163
HMOB3,HMOBI PARTICIPAÇÕES S.A.,40159947000164
HOOT3,HOTEIS OTHON S.A.,33200049000147
HOOT4,HOTEIS OTHON S.A.,33200049000147
HYPE3,HYPERA S.A.,02932074000191
IFCM3,NFRACOMMERCE CXAAS S.A.,38456921000136
IGBR3,IGB ELETRÔNICA S/A,43185362000107
IGSN3,IGUA SANEAMENTO S.A.,08159965000133
IGTI11,JEREISSATI PARTICIPACOES S.A.,60543816000193
IGTI3,JEREISSATI PARTICIPACOES S.A.,60543816000193
IGTI4,JEREISSATI PARTICIPACOES S.A.,60543816000193
INEP3,INEPAR S.A. INDUSTRIA E CONSTRUCOES,76627504000106
INEP4,INEPAR S.A. INDUSTRIA E CONSTRUCOES,76627504000106
INNT3,INTER CONSTRUTORA E INCORPORADORA S.A.,09611768000176
INTB3,INTELBRAS S.A. IND DE TELEC ELETRONICA BRASILEIRA,82901000000127
IRBR3,IRB – BRASIL RESSEGUROS S.A.,33376989000191
ITSA3,ITAUSA S.A.,61532644000115
ITSA4,ITAUSA S.A.,61532644000115
ITUB3,ITAU UNIBANCO HOLDING S.A.,60872504000123
ITUB4,ITAU UNIBANCO HOLDING S.A.,60872504000123
IVPR3B,INVESTIMENTOS E PARTICIP. EM INFRA S.A. – INVEPAR,03758318000124
IVPR4B,INVESTIMENTOS E PARTICIP. EM INFRA S.A. – INVEPAR,03758318000124
JALL3,JALLES MACHADO S.A.,02635522000195
JBSS3,JBS S.A.,02916265000160
JFEN3,JOAO FORTES ENGENHARIA S.A.,33035536000100
JHSF3,JHSF PARTICIPACOES S.A.,08294224000165
JOPA3,JOSAPAR-JOAQUIM OLIVEIRA S.A. – PARTICIP,87456562000122
JOPA4,JOSAPAR-JOAQUIM OLIVEIRA S.A. – PARTICIP,87456562000122
JSLG3,JSL S.A.,52548435000179
KEPL3,KEPLER WEBER S.A.,91983056000169
KLAS3,KALLAS INCORPORACOES E CONSTRUCOES S.A.,09146451000106
KLBN11,KLABIN S.A.,89637490000145
KLBN3,KLABIN S.A.,89637490000145
KLBN4,KLABIN S.A.,89637490000145
KRSA3,KORA SAÚDE PARTICIPAÇÕES S.A,13270520000166
LAND3,TERRA SANTA PROPRIEDADES AGRICOLAS S.A.,40337136000106
LAVV3,LAVVI EMPREENDIMENTOS IMOBILIÁRIOS S.A.,26462693000128
LEVE3,MAHLE-METAL LEVE S.A.,60476884000187
LIGT3,LIGHT S.A.,03378521000175
LIPR3,ELETROBRÁS PARTICIPAÇÕES S.A. – ELETROPAR,01104937000170
LJQQ3,LOJAS QUERO-QUERO S/A,96418264021802
LLBI3,LOJAS LE BISCUIT S.A.,16233389000155
LLBI4,LOJAS LE BISCUIT S.A.,16233389000155
LMED3,LIFEMED INDUSTRIAL EQUIP. DE ART. MÉD. HOSP. S.A.,02357251000153
LOGG3,LOG COMMERCIAL PROPERTIES,09041168000110
LOGN3,LOG-IN LOGISTICA INTERMODAL S.A.,42278291000124
LPSB3,LPS BRASIL – CONSULTORIA DE IMOVEIS S.A.,08078847000109
LREN3,LOJAS RENNER S.A.,92754738000162
LTEL3B,LITEL PARTICIPACOES S.A.,00743065000127
LTLA3B,LITELA PARTICIPAÇÕES S.A.,05495546000184
LUPA3,LUPATECH S.A.,89463822000112
LUXM3,TREVISA INVESTIMENTOS S.A.,92660570000126
LUXM4,TREVISA INVESTIMENTOS S.A.,92660570000126
LVTC3,LIVETECH DA BAHIA INDUSTRIA E COMERCIO S.A,05917486000140
LWSA3,LOCAWEB SERVIÇOS DE INTERNET S.A.,02351877000152
MAPT3,CEMEPE INVESTIMENTOS S.A.,93828986000173
MAPT4,CEMEPE INVESTIMENTOS S.A.,93828986000173
MATD3,HOSPITAL MATER DEI AS,16676520000159
MBLY3,Mobly S.A.,31553627000101
MDIA3,M.DIAS BRANCO S.A. IND COM DE ALIMENTOS,07206816000115
MDNE3,MOURA DUBEUX ENGENHARIA S/A,12049631000184
MEAL3,INTERNATIONAL MEAL COMPANY ALIMENTACAO S.A.,17314329000120
MEGA3,OMEGA ENERGIA S.A.,42500384000151
MELK3,MELNICK DESENVOLVIMENTO IMOBILIÁRIO S.A.,12181987000177
MERC3,MERCANTIL BRASIL FINANC S.A. C.F.I.,33040601000187
MERC4,MERCANTIL BRASIL FINANC S.A. C.F.I.,33040601000187
MGEL3,MANGELS INDUSTRIAL S.A.,61065298000102
MGEL4,MANGELS INDUSTRIAL S.A.,61065298000102
MGLU3,MAGAZINE LUIZA S.A.,47960950000121
MILS3,MILLS ESTRUTURAS E SERVIÇOS DE ENGENHARIA S.A.,27093558000115
MLAS3,MULTILASER INDUSTRIAL S.A.,59717553000102
MMAQ3,MINASMAQUINAS S.A.,17161241000115
MMAQ4,MINASMAQUINAS S.A.,17161241000115
MNDL3,MUNDIAL S.A. – PRODUTOS DE CONSUMO,88610191000154
MNPR3,MINUPAR PARTICIPACOES S.A.,90076886000140
MNZC3B,TERMINAL GARAGEM MENEZES CORTES S.A.,02664042000152
MOAR3,MONTEIRO ARANHA S.A.,33102476000192
MODL3,BANCO MODAL S.A,30723886000162
MOVI3,MOVIDA PARTICIPACOES SA,21314559000166
MRFG3,MARFRIG GLOBAL FOODS S.A.,03853896000140
MRSA3B,MRS LOGISTICA S.A.,01417222000177
MRSA5B,MRS LOGISTICA S.A.,01417222000177
MRSA6B,MRS LOGISTICA S.A.,01417222000177
MRVE3,MRV ENGENHARIA E PARTICIPACOES S.A.,08343492000120
MSPA3,CIA MELHORAMENTOS DE SAO PAULO,60730348000166
MSPA4,CIA MELHORAMENTOS DE SAO PAULO,60730348000166
MSRO3,MAESTRO LOCADORA DE VEICULOS S.A.,08795211000170
MTRE3,MITRE REALTY EMPREENDIMENTOS E PARTICIPAÇÕES S.A.,07882930000165
MTSA3,METISA METALURGICA TIMBOENSE S.A.,86375425000109
MTSA4,METISA METALURGICA TIMBOENSE S.A.,86375425000109
MULT3,MULTIPLAN – EMPREEND IMOBILIARIOS S.A.,07816890000153
MWET3,WETZEL S.A.,84683671000194
MWET4,WETZEL S.A.,84683671000194
MYPK3,IOCHPE MAXION S.A.,61156113000175
NEMO3,SUZANO HOLDING S.A.,60651809000105
NEMO5,SUZANO HOLDING S.A.,60651809000105
NEMO6,SUZANO HOLDING S.A.,60651809000105
NEOE3,NEOENERGIA S.A.,01083200000118
NEXP3,NEXPE PARTICIPAÇÕES S.A,08613550000198
NGRD3,NEOGRID PARTICIPACOES S.A.,10139870000108
NINJ3,GETNINJAS S.A.,14127813000151
NORD3,NORDON INDUSTRIAS METALURGICAS S.A.,60884319000159
NRTQ3,NORTEC QUÍMICA S.A.,29950060000157
NTCO3,NATURA &CO HOLDING S.A.,32785497000197
NUBR33,NU HOLDINGS LTD,24410913000144
NUTR3,NUTRIPLANT INDUSTRIA E COMERCIO S.A.,51128999000190
ODER3,CONSERVAS ODERICH S.A.,97191902000194
ODER4,CONSERVAS ODERICH S.A.,97191902000194
ODPV3,ODONTOPREV S.A.,58119199000151
OFSA3,OURO FINO SAUDE ANIMAL PARTICIPACOES S.A.,20258278000170
OIBR3,OI S.A.,76535764000143
OIBR4,OI S.A.,76535764000143
ONCO3,ONCOCLINICAS DO BRASIL SERVICOS MEDICOS S.A.,12104241000402
OPCT3,OCEANPACT SERVICOS MARITIMOS S.A.,09114805000130
OPGM3B,GAMA PARTICIPACOES S.A.,02796775000140
OPSE3B,SUDESTE S.A.,02062747000108
OPTS3B,SUL 116 PARTICIPACOES S.A.,01957772000189
ORVR3,ORIZON VALORIZACAO DE RESIDUOS S.A.,11421994000136
OSXB3,OSX BRASIL S.A.,09112685000132
PARD3,INSTITUTO HERMES PARDINI S.A.,19378769000176
PASS3,COMPASS GÁS E ENERGIA S.A.,21389501000181
PASS6,COMPASS GÁS E ENERGIA S.A.,21389501000181
PATI3,PANATLANTICA S.A.,92693019000189
PATI4,PANATLANTICA S.A.,92693019000189
PCAR3,CIA BRASILEIRA DE DISTRIBUICAO,47508411000156
PDGR3,PDG REALTY S.A. EMPREEND E PARTICIPACOES,02950811000189
PDTC3,PADTEC HOLDING S.A.,02365069000144
PEAB3,CIA PARTICIPACOES ALIANCA DA BAHIA,01938783000111
PEAB4,CIA PARTICIPACOES ALIANCA DA BAHIA,01938783000111
PETR3,PETROLEO BRASILEIRO S.A. PETROBRAS,33000167000101
PETR4,PETROLEO BRASILEIRO S.A. PETROBRAS,33000167000101
PETZ3,PET CENTER COMERCIO  E PARTICIPACOES S.A.,18328118000109
PFRM3,PROFARMA DISTRIB PROD FARMACEUTICOS S.A.,45453214000151
PGMN3,EMPREENDIMENTOS PAGUE MENOS S.A.,06626253000151
PINE3,BCO PINE S.A.,62144175000120
PINE4,BCO PINE S.A.,62144175000120
PLAS3,PLASCAR PARTICIPACOES INDUSTRIAIS S.A.,51928174000150
PLPL3,PLANO & PLANO DESENVOLVIMENTO IMOBILIÁRIO S.A.,24230275000180
PMAM3,PARANAPANEMA S.A.,60398369000126
PNVL3,DIMED S.A. DISTRIBUIDORA DE MEDICAMENTOS,92665611000177
POMO3,MARCOPOLO S.A.,88611835000129
POMO4,MARCOPOLO S.A.,88611835000129
PORT3,WILSON SONS HOLDINGS BRASIL S.A.,33130691000105
POSI3,POSITIVO TECNOLOGIA S.A.,81243735000148
PPAR3,POLPAR S.A.,59789545000171
PPLA11,PPLA PARTICIPATIONS LTD.,15073274000188
PRIO3,PETRO RIO S.A.,10629105000168
PRNR3,PRINER SERVIÇOS INDUSTRIAIS S.A.,18593815000197
PRPT3B,PROMPT PARTICIPACOES S.A.,02992449000109
PSSA3,PORTO SEGURO S.A.,02149205000169
PTBL3,PBG S/A,83475913000191
PTCA11,PRATICA KLIMAQUIP INDUSTRIA E COMERCIO SA,08574411000100
PTCA3,PRATICA KLIMAQUIP INDUSTRIA E COMERCIO SA,08574411000100
PTNT3,PETTENATI S.A. INDUSTRIA TEXTIL,88613658000110
PTNT4,PETTENATI S.A. INDUSTRIA TEXTIL,88613658000110
QUAL3,QUALICORP CONSULTORIA E CORRETORA DE SEGUROS S.A.,11992680000193
QUSW3,QUALITY SOFTWARE S.A.,35791391000194
QVQP3B,524 PARTICIPACOES S.A.,01851771000155
RADL3,RAIA DROGASIL S.A.,61585865000151
RAIL3,RUMO S.A.,02387241000160
RAIZ4,RAIZEN S.A.,33453598000123
RANI3,IRANI PAPEL E EMBALAGEM S.A.,92791243000103
RAPT3,RANDON S.A. IMPLEMENTOS E PARTICIPACOES,89086144000116
RAPT4,RANDON S.A. IMPLEMENTOS E PARTICIPACOES,89086144000116
RBNS11,RODOBENS S.A,59981829000165
RCSL3,RECRUSUL S.A.,91333666000117
RCSL4,RECRUSUL S.A.,91333666000117
RDNI3,RNI NEGÓCIOS IMOBILIÁRIOS S.A.,67010660000124
RDOR3,Rede DOr São Luiz S.A.,06047087000139
RECV3,PETRORECÔNCAVO S.A.,03342704000130
REDE3,REDE ENERGIA PARTICIPAÇÕES S.A.,61584140000149
RENT3,LOCALIZA RENT A CAR S.A.,16670085000155
RNEW11,RENOVA ENERGIA S.A.,08534605000174
RNEW3,RENOVA ENERGIA S.A.,08534605000174
RNEW4,RENOVA ENERGIA S.A.,08534605000174
ROMI3,INDUSTRIAS ROMI S.A.,56720428000163
ROXO34,NU HOLDINGS LTD,24410913000144
RPAD3,ALFA HOLDINGS S.A.,17167396000169
RPAD5,ALFA HOLDINGS S.A.,17167396000169
RPAD6,ALFA HOLDINGS S.A.,17167396000169
RPMG3,REFINARIA DE PETROLEOS MANGUINHOS S.A.,33412081000196
RRRP3,3R PETROLEUM ÓLEO E GÁS S.A,12091809000155
RSID3,ROSSI RESIDENCIAL S.A.,61065751000180
RSUL3,METALURGICA RIOSULENSE S.A.,85778074000106
RSUL4,METALURGICA RIOSULENSE S.A.,85778074000106
SANB11,BCO SANTANDER (BRASIL) S.A.,90400888000142
SANB3,BCO SANTANDER (BRASIL) S.A.,90400888000142
SANB4,BCO SANTANDER (BRASIL) S.A.,90400888000142
SANB99,BCO SANTANDER (BRASIL) S.A.,90400888000142
SAPR11,CIA SANEAMENTO DO PARANA – SANEPAR,76484013000145
SAPR3,CIA SANEAMENTO DO PARANA – SANEPAR,76484013000145
SAPR4,CIA SANEAMENTO DO PARANA – SANEPAR,76484013000145
SBFG3,GRUPO SBF SA,13217485000111
SBSP3,CIA SANEAMENTO BASICO EST SAO PAULO,43776517000180
SCAR3,SAO CARLOS EMPREEND E PARTICIPACOES S.A.,29780061000109
SEER3,SER EDUCACIONAL S.A.,04986320000113
SEQL3,SEQUOIA LOGISTICA E TRANSPORTES S.A,01599101000193
SGPS3,SPRINGS GLOBAL PARTICIPACOES S.A.,07718269000157
SHOW3,T4F ENTRETENIMENTO S.A.,02860694000162
SHUL3,SCHULZ S.A.,84693183000168
SHUL4,SCHULZ S.A.,84693183000168
SIMH3,SIMPAR S.A.,07415333000120
SLCE3,SLC AGRICOLA S.A.,89096457000155
SLED3,SARAIVA LIVREIROS S.A. – EM RECUPERAÇÃO JUDICIAL,60500139000126
SLED4,SARAIVA LIVREIROS S.A. – EM RECUPERAÇÃO JUDICIAL,60500139000126
SMFT3,SMARTFIT ESCOLA DE GINÁSTICA E DANÇA S.A.,07594978000178
SMTO3,SAO MARTINHO S.A.,51466860000156
SNSY3,SANSUY S.A. INDUSTRIA DE PLASTICOS,14807945000124
SNSY5,SANSUY S.A. INDUSTRIA DE PLASTICOS,14807945000124
SNSY6,SANSUY S.A. INDUSTRIA DE PLASTICOS,14807945000124
SOJA3,BOA SAFRA SEMENTES S.A.,10807374000177
SOMA3,GRUPO DE MODA SOMA S.A.,10285590000108
SOND3,SONDOTECNICA ENGENHARIA SOLOS S.A.,33386210000119
SOND5,SONDOTECNICA ENGENHARIA SOLOS S.A.,33386210000119
SOND6,SONDOTECNICA ENGENHARIA SOLOS S.A.,33386210000119
SQIA3,SINQIA S.A.,04065791000199
STBP3,SANTOS BRASIL PARTICIPACOES S.A.,02762121000104
STKF3,STATKRAFT ENERGIAS RENOVAVEIS S.A.,00622416000141
SUZB3,SUZANO S.A.,16404287000155
SYNE3,SYN PROP E TECH S.A.,08801621000186
TAEE11,TRANSMISSORA ALIANÇA DE ENERGIA ELÉTRICA S.A.,07859971000130
TAEE3,TRANSMISSORA ALIANÇA DE ENERGIA ELÉTRICA S.A.,07859971000130
TAEE4,TRANSMISSORA ALIANÇA DE ENERGIA ELÉTRICA S.A.,07859971000130
TASA3,TAURUS ARMAS S.A.,92781335000102
TASA4,TAURUS ARMAS S.A.,92781335000102
TCNO3,TECNOSOLO ENGENHARIA S.A.,33111246000190
TCNO4,TECNOSOLO ENGENHARIA S.A.,33111246000190
TCSA3,TECNISA S.A.,08065557000112
TECN3,TECHNOS S.A.,09295063000197
TEGA3,TEGRA INCORPORADORA S.A.,30213493000109
TEKA3,TEKA-TECELAGEM KUEHNRICH S.A.,82636986000155
TEKA4,TEKA-TECELAGEM KUEHNRICH S.A.,82636986000155
TELB3,TELEC BRASILEIRAS S.A. TELEBRAS,00336701000104
TELB4,TELEC BRASILEIRAS S.A. TELEBRAS,00336701000104
TEND3,CONSTRUTORA TENDA S.A.,71476527000135
TFCO4,TRACK & FIELD CO S.A.,59418806000147
TGMA3,TEGMA GESTAO LOGISTICA S.A.,02351144000118
TIMS3,TIM S.A.,02421421000111
TKNO3,TEKNO S.A. – INDUSTRIA E COMERCIO,33467572000134
TKNO4,TEKNO S.A. – INDUSTRIA E COMERCIO,33467572000134
TOTS3,TOTVS S.A.,53113791000122
TPIS3,TPI – TRIUNFO PARTICIP. E INVEST. S.A.,03014553000191
TRAD3,TC TRADERS CLUB S.A.,26345998000150
TRIS3,TRISUL S.A.,08811643000127
TRPL3,CTEEP – CIA TRANSMISSÃO ENERGIA ELÉTRICA PAULISTA,02998611000104
TRPL4,CTEEP – CIA TRANSMISSÃO ENERGIA ELÉTRICA PAULISTA,02998611000104
TTEN3,TRÊS TENTOS AGROINDUSTRIAL SA,94813102000170
TUPY3,TUPY S.A.,84683374000149
TXRX3,TEXTIL RENAUXVIEW S.A.,82982075000180
TXRX4,TEXTIL RENAUXVIEW S.A.,82982075000180
UCAS3,UNICASA INDÚSTRIA DE MÓVEIS S.A.,90441460000148
UGPA3,ULTRAPAR PARTICIPACOES S.A.,33256439000139
UNIP3,UNIPAR CARBOCLORO S.A.,33958695000178
UNIP5,UNIPAR CARBOCLORO S.A.,33958695000178
UNIP6,UNIPAR CARBOCLORO S.A.,33958695000178
UPKP3B,UPTICK PARTICIPACOES S.A.,02162616000194
USIM3,USINAS SID DE MINAS GERAIS S.A.-USIMINAS,60894730000105
USIM5,USINAS SID DE MINAS GERAIS S.A.-USIMINAS,60894730000105
USIM6,USINAS SID DE MINAS GERAIS S.A.-USIMINAS,60894730000105
VALE3,VALE S.A.,33592510000154
VAMO3,"VAMOS LOCAÇÃO DE CAMINHÕES, MÁQUINAS E EQUIP. S.A.",23373000000132
VBBR3,VIBRA ENERGIA S.A.,34274233000102
VIIA3,VIA S.A,33041260065290
VITT3,VITTIA FERTILIZANTES E BIOLOGICOS S.A.,45365558000109
VIVA3,VIVARA PARTICIPAÇOES S.A,33839910000111
VIVR3,VIVER INCORPORADORA E CONSTRUTORA S.A.,67571414000141
VIVT3,TELEFÔNICA BRASIL S.A,02558157000162
VLID3,VALID SOLUÇÕES S.A.,33113309000147
VSTE3,VESTE S.A. ESTILO,49669856000143
VULC3,VULCABRAS/AZALEIA S.A.,50926955000142
VVEO3,CM HOSPITALAR S.A.,12420164000157
WEGE3,WEG S.A.,84429695000111
WEST3,WESTWING COMERCIO VAREJISTA S.A.,14776142000150
WHRL3,WHIRLPOOL S.A.,59105999000186
WHRL4,WHIRLPOOL S.A.,59105999000186
WIZC3,WIZ CO PARTICIPAÇÕES E CORRETAGEM DE SEGUROS S.A.,42278473000103
WLMM3,WLM PART. E COMÉRCIO DE MÁQUINAS E VEÍCULOS S.A.,33228024000151
WLMM4,WLM PART. E COMÉRCIO DE MÁQUINAS E VEÍCULOS S.A.,33228024000151
YBRA3B,YBRA3 TENNOLOGIA LTDA,02217319000107
YDUQ3,YDUQS PARTICIPACOES S.A.,08807432000110
ZAMP3,ZAMP S.A.,13574594000196